type,game_id,room_code,game_mode,winner,round,phase,player_name,player_role,target_name,content,is_system,timestamp
"chat","e4bdf5fd-1fbf-4185-872a-11049d2771bb","BCJ5R2","CLASSIC","VILLAGERS","1","NIGHT","System","","","Night 1 begins.","true","2026-07-20T10:32:58.481Z"
"chat","e4bdf5fd-1fbf-4185-872a-11049d2771bb","BCJ5R2","CLASSIC","VILLAGERS","1","NIGHT","White","WEREWOLF","","Hi","false","2026-07-20T10:33:03.567Z"
"chat","e4bdf5fd-1fbf-4185-872a-11049d2771bb","BCJ5R2","CLASSIC","VILLAGERS","1","NIGHT","Cyan","WEREWOLF","","hi","false","2026-07-20T10:33:12.986Z"
"chat","e4bdf5fd-1fbf-4185-872a-11049d2771bb","BCJ5R2","CLASSIC","VILLAGERS","1","NIGHT","White","WEREWOLF","","Who should we kill?","false","2026-07-20T10:33:22.858Z"
"chat","e4bdf5fd-1fbf-4185-872a-11049d2771bb","BCJ5R2","CLASSIC","VILLAGERS","1","NIGHT","Cyan","WEREWOLF","","lime","false","2026-07-20T10:33:28.849Z"
"chat","e4bdf5fd-1fbf-4185-872a-11049d2771bb","BCJ5R2","CLASSIC","VILLAGERS","1","NIGHT","White","WEREWOLF","","Ok","false","2026-07-20T10:33:34.843Z"
"chat","e4bdf5fd-1fbf-4185-872a-11049d2771bb","BCJ5R2","CLASSIC","VILLAGERS","1","DAY","System","","","Dawn breaks. Lime (villager) was found dead.","true","2026-07-20T10:33:45.844Z"
"chat","e4bdf5fd-1fbf-4185-872a-11049d2771bb","BCJ5R2","CLASSIC","VILLAGERS","1","DAY","System","","","The village must elect a Mayor.","true","2026-07-20T10:33:45.857Z"
"chat","e4bdf5fd-1fbf-4185-872a-11049d2771bb","BCJ5R2","CLASSIC","VILLAGERS","1","DAY","White","WEREWOLF","","good morining","false","2026-07-20T10:34:00.428Z"
"chat","e4bdf5fd-1fbf-4185-872a-11049d2771bb","BCJ5R2","CLASSIC","VILLAGERS","1","DAY","Beige","VILLAGER","","moinsen","false","2026-07-20T10:34:04.560Z"
"chat","e4bdf5fd-1fbf-4185-872a-11049d2771bb","BCJ5R2","CLASSIC","VILLAGERS","1","DAY","Gold","SEER","","good morning","false","2026-07-20T10:34:17.173Z"
"chat","e4bdf5fd-1fbf-4185-872a-11049d2771bb","BCJ5R2","CLASSIC","VILLAGERS","1","DAY","Magenta","VILLAGER","","m","false","2026-07-20T10:34:20.381Z"
"chat","e4bdf5fd-1fbf-4185-872a-11049d2771bb","BCJ5R2","CLASSIC","VILLAGERS","1","DAY","Orange","WITCH","","nothing good about this morning","false","2026-07-20T10:34:23.523Z"
"chat","e4bdf5fd-1fbf-4185-872a-11049d2771bb","BCJ5R2","CLASSIC","VILLAGERS","1","DAY","Cyan","WEREWOLF","","hi","false","2026-07-20T10:34:24.575Z"
"chat","e4bdf5fd-1fbf-4185-872a-11049d2771bb","BCJ5R2","CLASSIC","VILLAGERS","1","DAY","Gold","SEER","","white is werewolf","false","2026-07-20T10:34:25.449Z"
"chat","e4bdf5fd-1fbf-4185-872a-11049d2771bb","BCJ5R2","CLASSIC","VILLAGERS","1","DAY","Gold","SEER","","I am seer","false","2026-07-20T10:34:30.145Z"
"chat","e4bdf5fd-1fbf-4185-872a-11049d2771bb","BCJ5R2","CLASSIC","VILLAGERS","1","DAY","Magenta","VILLAGER","","lets spear him","false","2026-07-20T10:34:42.169Z"
"chat","e4bdf5fd-1fbf-4185-872a-11049d2771bb","BCJ5R2","CLASSIC","VILLAGERS","1","DAY","Pink","VILLAGER","","fast","false","2026-07-20T10:34:43.344Z"
"chat","e4bdf5fd-1fbf-4185-872a-11049d2771bb","BCJ5R2","CLASSIC","VILLAGERS","1","DAY","System","","","No one voted. Pink was randomly selected as Mayor. Their vote counts double.","true","2026-07-20T10:34:45.875Z"
"chat","e4bdf5fd-1fbf-4185-872a-11049d2771bb","BCJ5R2","CLASSIC","VILLAGERS","1","DAY","Gold","SEER","","Yep","false","2026-07-20T10:34:45.941Z"
"chat","e4bdf5fd-1fbf-4185-872a-11049d2771bb","BCJ5R2","CLASSIC","VILLAGERS","1","DAY","Pink","VILLAGER","","not me","false","2026-07-20T10:34:53.223Z"
"chat","e4bdf5fd-1fbf-4185-872a-11049d2771bb","BCJ5R2","CLASSIC","VILLAGERS","1","DAY","Pink","VILLAGER","","why me","false","2026-07-20T10:34:55.162Z"
"chat","e4bdf5fd-1fbf-4185-872a-11049d2771bb","BCJ5R2","CLASSIC","VILLAGERS","1","DAY","Beige","VILLAGER","","cool, we kill white. if theyre a villager, we kill gold","false","2026-07-20T10:35:00.173Z"
"chat","e4bdf5fd-1fbf-4185-872a-11049d2771bb","BCJ5R2","CLASSIC","VILLAGERS","1","DAY","Beige","VILLAGER","","discussion closed","false","2026-07-20T10:35:05.303Z"
"chat","e4bdf5fd-1fbf-4185-872a-11049d2771bb","BCJ5R2","CLASSIC","VILLAGERS","1","DAY","Pink","VILLAGER","","fine by me","false","2026-07-20T10:35:09.204Z"
"chat","e4bdf5fd-1fbf-4185-872a-11049d2771bb","BCJ5R2","CLASSIC","VILLAGERS","1","DAY","Gold","SEER","","exactly","false","2026-07-20T10:35:09.568Z"
"chat","e4bdf5fd-1fbf-4185-872a-11049d2771bb","BCJ5R2","CLASSIC","VILLAGERS","1","DAY","White","WEREWOLF","","ok bye :(","false","2026-07-20T10:35:11.168Z"
"chat","e4bdf5fd-1fbf-4185-872a-11049d2771bb","BCJ5R2","CLASSIC","VILLAGERS","1","DAY","Beige","VILLAGER","","bye","false","2026-07-20T10:35:14.467Z"
"chat","e4bdf5fd-1fbf-4185-872a-11049d2771bb","BCJ5R2","CLASSIC","VILLAGERS","1","DAY","Orange","WITCH","","sounds like a plan","false","2026-07-20T10:35:19.129Z"
"chat","e4bdf5fd-1fbf-4185-872a-11049d2771bb","BCJ5R2","CLASSIC","VILLAGERS","1","DAY","Gold","SEER","","Witch protect me next round please","false","2026-07-20T10:35:21.883Z"
"chat","e4bdf5fd-1fbf-4185-872a-11049d2771bb","BCJ5R2","CLASSIC","VILLAGERS","1","DAY","Beige","VILLAGER","","btw how's the meet been tastin?","false","2026-07-20T10:35:23.088Z"
"chat","e4bdf5fd-1fbf-4185-872a-11049d2771bb","BCJ5R2","CLASSIC","VILLAGERS","1","DAY","Beige","VILLAGER","","oh yeah, that would be usefull too","false","2026-07-20T10:35:34.633Z"
"chat","e4bdf5fd-1fbf-4185-872a-11049d2771bb","BCJ5R2","CLASSIC","VILLAGERS","1","DAY","Pink","VILLAGER","","are they eating or just killing for pleasure?","false","2026-07-20T10:36:03.629Z"
"chat","e4bdf5fd-1fbf-4185-872a-11049d2771bb","BCJ5R2","CLASSIC","VILLAGERS","1","DAY","Beige","VILLAGER","","SO WHITE, again, how's the meat been tasting?","false","2026-07-20T10:36:03.882Z"
"chat","e4bdf5fd-1fbf-4185-872a-11049d2771bb","BCJ5R2","CLASSIC","VILLAGERS","1","DAY","Beige","VILLAGER","","was it worth it?","false","2026-07-20T10:36:11.197Z"
"chat","e4bdf5fd-1fbf-4185-872a-11049d2771bb","BCJ5R2","CLASSIC","VILLAGERS","1","DAY","White","WEREWOLF","","I go suuizid","false","2026-07-20T10:36:17.227Z"
"chat","e4bdf5fd-1fbf-4185-872a-11049d2771bb","BCJ5R2","CLASSIC","VILLAGERS","1","DAY","Beige","VILLAGER","","can we make a documentary out of your life story?","false","2026-07-20T10:36:27.473Z"
"chat","e4bdf5fd-1fbf-4185-872a-11049d2771bb","BCJ5R2","CLASSIC","VILLAGERS","1","DAY","Beige","VILLAGER","","can i keep all the royalties?","false","2026-07-20T10:36:43.504Z"
"chat","e4bdf5fd-1fbf-4185-872a-11049d2771bb","BCJ5R2","CLASSIC","VILLAGERS","1","DAY","System","","","Voting begins.","true","2026-07-20T10:38:32.129Z"
"chat","e4bdf5fd-1fbf-4185-872a-11049d2771bb","BCJ5R2","CLASSIC","VILLAGERS","1","DAY","System","","","The village voted. White (werewolf) has been eliminated.","true","2026-07-20T10:38:48.143Z"
"chat","e4bdf5fd-1fbf-4185-872a-11049d2771bb","BCJ5R2","CLASSIC","VILLAGERS","2","NIGHT","System","","","Night 2 begins.","true","2026-07-20T10:40:03.549Z"
"chat","e4bdf5fd-1fbf-4185-872a-11049d2771bb","BCJ5R2","CLASSIC","VILLAGERS","2","DAY","System","","","Dawn breaks. The witch saved someone from the werewolves tonight. No one was killed.","true","2026-07-20T10:40:16.941Z"
"chat","e4bdf5fd-1fbf-4185-872a-11049d2771bb","BCJ5R2","CLASSIC","VILLAGERS","2","DAY","Gold","SEER","","thanks witch","false","2026-07-20T10:40:55.613Z"
"chat","e4bdf5fd-1fbf-4185-872a-11049d2771bb","BCJ5R2","CLASSIC","VILLAGERS","2","DAY","Pink","VILLAGER","","good job witch","false","2026-07-20T10:40:56.953Z"
"chat","e4bdf5fd-1fbf-4185-872a-11049d2771bb","BCJ5R2","CLASSIC","VILLAGERS","2","DAY","Pink","VILLAGER","","probably saved gold","false","2026-07-20T10:41:04.261Z"
"chat","e4bdf5fd-1fbf-4185-872a-11049d2771bb","BCJ5R2","CLASSIC","VILLAGERS","2","DAY","Beige","VILLAGER","","i saved you, youre welcome","false","2026-07-20T10:41:08.269Z"
"chat","e4bdf5fd-1fbf-4185-872a-11049d2771bb","BCJ5R2","CLASSIC","VILLAGERS","2","DAY","Magenta","VILLAGER","","new ifo gold?","false","2026-07-20T10:41:10.233Z"
"chat","e4bdf5fd-1fbf-4185-872a-11049d2771bb","BCJ5R2","CLASSIC","VILLAGERS","2","DAY","Magenta","VILLAGER","","info","false","2026-07-20T10:41:12.850Z"
"chat","e4bdf5fd-1fbf-4185-872a-11049d2771bb","BCJ5R2","CLASSIC","VILLAGERS","2","DAY","Gold","SEER","","Beige is also human","false","2026-07-20T10:41:16.000Z"
"chat","e4bdf5fd-1fbf-4185-872a-11049d2771bb","BCJ5R2","CLASSIC","VILLAGERS","2","DAY","Beige","VILLAGER","","BTW someone wanted to defend white in the beginning","false","2026-07-20T10:41:22.309Z"
"chat","e4bdf5fd-1fbf-4185-872a-11049d2771bb","BCJ5R2","CLASSIC","VILLAGERS","2","DAY","Beige","VILLAGER","","who was that?","false","2026-07-20T10:41:25.585Z"
"chat","e4bdf5fd-1fbf-4185-872a-11049d2771bb","BCJ5R2","CLASSIC","VILLAGERS","2","DAY","Cyan","WEREWOLF","","so gold and beige are villagers","false","2026-07-20T10:41:26.663Z"
"chat","e4bdf5fd-1fbf-4185-872a-11049d2771bb","BCJ5R2","CLASSIC","VILLAGERS","2","DAY","Gold","SEER","","oh that's bad","false","2026-07-20T10:41:28.325Z"
"chat","e4bdf5fd-1fbf-4185-872a-11049d2771bb","BCJ5R2","CLASSIC","VILLAGERS","2","DAY","Gold","SEER","","I investigated witch","false","2026-07-20T10:41:48.964Z"
"chat","e4bdf5fd-1fbf-4185-872a-11049d2771bb","BCJ5R2","CLASSIC","VILLAGERS","2","DAY","Beige","VILLAGER","","whasnt it pink?","false","2026-07-20T10:41:49.057Z"
"chat","e4bdf5fd-1fbf-4185-872a-11049d2771bb","BCJ5R2","CLASSIC","VILLAGERS","2","DAY","Orange","WITCH","","cyan voted for gold why was that?","false","2026-07-20T10:41:49.822Z"
"chat","e4bdf5fd-1fbf-4185-872a-11049d2771bb","BCJ5R2","CLASSIC","VILLAGERS","2","DAY","Cyan","WEREWOLF","","mistake","false","2026-07-20T10:42:21.864Z"
"chat","e4bdf5fd-1fbf-4185-872a-11049d2771bb","BCJ5R2","CLASSIC","VILLAGERS","2","DAY","Pink","VILLAGER","","no","false","2026-07-20T10:42:23.662Z"
"chat","e4bdf5fd-1fbf-4185-872a-11049d2771bb","BCJ5R2","CLASSIC","VILLAGERS","2","DAY","Pink","VILLAGER","","i was not","false","2026-07-20T10:42:26.300Z"
"chat","e4bdf5fd-1fbf-4185-872a-11049d2771bb","BCJ5R2","CLASSIC","VILLAGERS","2","DAY","Beige","VILLAGER","","so who was it then?","false","2026-07-20T10:42:31.498Z"
"chat","e4bdf5fd-1fbf-4185-872a-11049d2771bb","BCJ5R2","CLASSIC","VILLAGERS","2","DAY","Pink","VILLAGER","","i didn't defend anyone","false","2026-07-20T10:42:42.496Z"
"chat","e4bdf5fd-1fbf-4185-872a-11049d2771bb","BCJ5R2","CLASSIC","VILLAGERS","2","DAY","System","","","Voting begins.","true","2026-07-20T10:44:08.901Z"
"chat","e4bdf5fd-1fbf-4185-872a-11049d2771bb","BCJ5R2","CLASSIC","VILLAGERS","2","DAY","System","","","The village voted. Cyan (werewolf) has been eliminated.","true","2026-07-20T10:44:57.366Z"
"night_action","e4bdf5fd-1fbf-4185-872a-11049d2771bb","BCJ5R2","CLASSIC","VILLAGERS","1","NIGHT","Gold","SEER","White","INVESTIGATE","false","2026-07-20T10:33:21.735Z"
"night_action","e4bdf5fd-1fbf-4185-872a-11049d2771bb","BCJ5R2","CLASSIC","VILLAGERS","1","NIGHT","White","WEREWOLF","Lime","KILL","false","2026-07-20T10:33:37.727Z"
"night_action","e4bdf5fd-1fbf-4185-872a-11049d2771bb","BCJ5R2","CLASSIC","VILLAGERS","1","NIGHT","Cyan","WEREWOLF","Lime","KILL","false","2026-07-20T10:33:38.606Z"
"night_action","e4bdf5fd-1fbf-4185-872a-11049d2771bb","BCJ5R2","CLASSIC","VILLAGERS","2","NIGHT","Gold","SEER","Beige","INVESTIGATE","false","2026-07-20T10:40:11.580Z"
"night_action","e4bdf5fd-1fbf-4185-872a-11049d2771bb","BCJ5R2","CLASSIC","VILLAGERS","2","NIGHT","Cyan","WEREWOLF","Gold","KILL","false","2026-07-20T10:40:12.226Z"
"night_action","e4bdf5fd-1fbf-4185-872a-11049d2771bb","BCJ5R2","CLASSIC","VILLAGERS","2","NIGHT","Orange","WITCH","Gold","HEAL","false","2026-07-20T10:40:16.931Z"
"day_vote","e4bdf5fd-1fbf-4185-872a-11049d2771bb","BCJ5R2","CLASSIC","VILLAGERS","1","DAY","Magenta","VILLAGER","White","EXILE","false","2026-07-20T10:38:48.054Z"
"day_vote","e4bdf5fd-1fbf-4185-872a-11049d2771bb","BCJ5R2","CLASSIC","VILLAGERS","1","DAY","Orange","WITCH","White","EXILE","false","2026-07-20T10:38:48.100Z"
"day_vote","e4bdf5fd-1fbf-4185-872a-11049d2771bb","BCJ5R2","CLASSIC","VILLAGERS","1","DAY","White","WEREWOLF","skip","EXILE","false","2026-07-20T10:38:48.105Z"
"day_vote","e4bdf5fd-1fbf-4185-872a-11049d2771bb","BCJ5R2","CLASSIC","VILLAGERS","1","DAY","Beige","VILLAGER","White","EXILE","false","2026-07-20T10:38:48.109Z"
"day_vote","e4bdf5fd-1fbf-4185-872a-11049d2771bb","BCJ5R2","CLASSIC","VILLAGERS","1","DAY","Gold","SEER","White","EXILE","false","2026-07-20T10:38:48.114Z"
"day_vote","e4bdf5fd-1fbf-4185-872a-11049d2771bb","BCJ5R2","CLASSIC","VILLAGERS","1","DAY","Pink","VILLAGER","White","EXILE","false","2026-07-20T10:38:48.122Z"
"day_vote","e4bdf5fd-1fbf-4185-872a-11049d2771bb","BCJ5R2","CLASSIC","VILLAGERS","1","DAY","Cyan","WEREWOLF","Gold","EXILE","false","2026-07-20T10:38:48.127Z"
"day_vote","e4bdf5fd-1fbf-4185-872a-11049d2771bb","BCJ5R2","CLASSIC","VILLAGERS","2","DAY","Beige","VILLAGER","Cyan","EXILE","false","2026-07-20T10:44:57.278Z"
"day_vote","e4bdf5fd-1fbf-4185-872a-11049d2771bb","BCJ5R2","CLASSIC","VILLAGERS","2","DAY","Cyan","WEREWOLF","Magenta","EXILE","false","2026-07-20T10:44:57.325Z"
"day_vote","e4bdf5fd-1fbf-4185-872a-11049d2771bb","BCJ5R2","CLASSIC","VILLAGERS","2","DAY","Magenta","VILLAGER","Cyan","EXILE","false","2026-07-20T10:44:57.329Z"
"day_vote","e4bdf5fd-1fbf-4185-872a-11049d2771bb","BCJ5R2","CLASSIC","VILLAGERS","2","DAY","Orange","WITCH","Cyan","EXILE","false","2026-07-20T10:44:57.334Z"
"day_vote","e4bdf5fd-1fbf-4185-872a-11049d2771bb","BCJ5R2","CLASSIC","VILLAGERS","2","DAY","Gold","SEER","Cyan","EXILE","false","2026-07-20T10:44:57.339Z"
"day_vote","e4bdf5fd-1fbf-4185-872a-11049d2771bb","BCJ5R2","CLASSIC","VILLAGERS","2","DAY","Pink","VILLAGER","Cyan","EXILE","false","2026-07-20T10:44:57.344Z"